url;nom;adresse;telephone;email
https://www.opticienconseil.fr/a/magasins/boutiques/les-opticiens-conseils-antony;Les Opticiens Conseils à Antony;29 bis rue Auguste Mounié, Antony, Île-de-France, France;01 59 30 29 95;34antony@lesopticiensconseils.fr
https://www.opticienconseil.fr/a/magasins/boutiques/les-opticiens-conseils-barentin;Les Opticiens Conseils à Barentin;Centre Commercial Mesnil Roux, Barentin, Normandie, France;02 21 83 36 97;65barentin@lesopticiensconseils.fr
https://www.opticienconseil.fr/a/magasins/boutiques/les-opticiens-conseils-belle-epine;Les Opticiens Conseils à Belle Epine;Centre Commercial Belle Epine, Thiais, Île-de-France, France;01 59 30 29 44;53belleepine@lesopticiensconseils.fr
https://www.opticienconseil.fr/a/magasins/boutiques/les-opticiens-conseils-boulogne-billancourt;Les Opticiens Conseils à Boulogne Billancourt;93 boulevard Jean Jaurès, Boulogne Billancourt, Île-de-France, France;01 59 30 29 04;64boulogne@lesopticiensconseils.fr
https://www.opticienconseil.fr/a/magasins/boutiques/les-opticiens-conseils-bretigny-sur-orge;Les Opticiens Conseils à Brétigny sur Orge;Centre Commercial Auchan, Bretigny Sur Orge, Île-de-France, France;01 59 30 29 49;74bretigny@lesopticiensconseils.fr
https://www.opticienconseil.fr/a/magasins/boutiques/les-opticiens-conseils-cergy;Les Opticiens Conseils à Cergy;Centre Commercial Les 3 Fontaines, Cergy Pontoise, Île-de-France, France;01 59 30 15 72;86cergy@lesopticiensconseils.fr
https://www.opticienconseil.fr/a/magasins/boutiques/les-opticiens-conseils-corbeil-essonnes;Les Opticiens Conseils à Corbeil Essonnes;7 rue de Paris, Corbeil Essonnes, Île-de-France, France;01 59 30 12 05;12corbeil@lesopticiensconseils.fr
https://www.opticienconseil.fr/a/magasins/boutiques/les-opticiens-conseils-evry;Les Opticiens Conseils à Evry;Centre Commercial Evry 2, Evry, Île-de-France, France;01 59 30 14 46;55evry2@lesopticiensconseils.fr
https://www.opticienconseil.fr/a/magasins/boutiques/les-opticiens-conseils-flins-sur-seine;Les Opticiens Conseils à Flins sur Seine;Centre Commercial Carrefour, Flins Sur Seine, Île-de-France, France;01 59 30 29 63;93flins@lesopticiensconseils.fr
https://www.opticienconseil.fr/a/magasins/boutiques/les-opticiens-conseils-les-ulis;Les Opticiens Conseils à Les Ulis;Centre Commercial Les Ulis 2, Les Ulis, Île-de-France, France;01 59 30 24 13;95lesulis@lesopticiensconseils.fr
https://www.opticienconseil.fr/a/magasins/boutiques/les-opticiens-conseils-massy;Les Opticiens Conseils à Massy;Centre Commercial Cora, Massy, Île-de-France, France;01 59 30 31 74;81massy@lesopticiensconseils.fr
https://www.opticienconseil.fr/a/magasins/boutiques/les-opticiens-conseils-neuilly-sur-seine;Les Opticiens Conseil à Neuilly sur Seine;84 avenue Charles de Gaulle, Neuilly Sur Seine, Île-de-France, France;01 59 30 29 90;23neuilly@lesopticiensconseils.fr
https://www.opticienconseil.fr/a/magasins/boutiques/les-opticiens-conseils-osny;Les Opticiens Conseils à Osny;Centre Commercial de l'Oseraie, Osny, Île-de-France, France;01 59 30 29 54;70osny@lesopticiensconseils.fr
https://www.opticienconseil.fr/a/magasins/boutiques/les-opticiens-conseils-paris-rivoli;Les Opticiens Conseils à Paris Rivoli;130 rue de Rivoli, Paris, Île-de-France, France;01 59 30 31 63;56parisrivoli@lesopticiensconseils.fr
https://www.opticienconseil.fr/a/magasins/boutiques/les-opticiens-conseils-plaisir;Les Opticiens Conseils à Plaisir;Centre Commercial Grand Plaisir Auchan, Plaisir, Île-de-France, France;01 59 30 02 43;71plaisir@lesopticiensconseils.fr
https://www.opticienconseil.fr/a/magasins/boutiques/les-opticiens-conseils-ris-orangis;Les Opticiens Conseils à Ris Orangis;73 rue Pierre Brossolette, Ris Orangis, Île-de-France, France;01 59 30 27 63;18risorangis@lesopticiensconseils.fr
https://www.opticienconseil.fr/a/magasins/boutiques/les-opticiens-conseils-rouen-gros-horloge;Les Opticiens Conseils à Rouen Gros Horloge;78 rue du Gros Horloge, Rouen, Normandie, France;02 21 83 35 21;60rouen@lesopticiensconseils.fr
https://www.opticienconseil.fr/a/magasins/boutiques/les-opticiens-conseils-rouen-saint-sever;Les Opticiens Conseils à Rouen Saint Sever;Centre Commercial Saint Sever, Rouen, Normandie, France;02 21 83 24 13;40rouen@lesopticiensconseils.fr
https://www.opticienconseil.fr/a/magasins/boutiques/les-opticiens-conseils-saint-germain-en-laye;Les Opticiens Conseils à St Germain en Laye;35 rue du Vieux Marché, Saint Germain en Laye, Île-de-France, France;01 59 30 29 69;51saintgermain@lesopticiensconseils.fr
https://www.opticienconseil.fr/a/magasins/boutiques/les-opticiens-conseils-saint-quentin-en-yvelines;Les Opticiens Conseils à Saint Quentin en Yvelines;Centre Commercial Espace Saint Quentin, Montigny Le Bretonneux, Île-de-France, France;01 59 30 31 75;62saintquentin@lesopticiensconseils.fr
https://www.opticienconseil.fr/a/magasins/boutiques/les-opticiens-conseils-sainte-genevieve-des-bois;Les Opticiens Conseils à Sainte Geneviève des Bois;159 avenue Gabriel Péri, Sainte Geneviève des Bois, Île-de-France, France;01 59 30 29 99;21saintegenevieve@lesopticiensconseils.fr
https://www.opticienconseil.fr/a/magasins/boutiques/les-opticiens-conseils-savigny-sur-orge;Les Opticiens Conseils à Savigny sur Orge;84 avenue Charles de Gaulle, Savigny sur orge, Île-de-France, France;01 59 30 31 82;30savigny@lesopticiensconseils.fr
https://www.opticienconseil.fr/a/magasins/boutiques/les-opticiens-conseils-tours;Les Opticiens Conseils à Tours;Galerie Nationale - 72 rue Nationale, Tours, Centre-Val de Loire, France;02 21 83 36 89;45tours@lesopticiensconseils.fr
https://www.opticienconseil.fr/a/magasins/boutiques/les-opticiens-conseils-villabe;Les Opticiens Conseils à Villabé;Centre Commercial Carrefour A6, Villabe, Île-de-France, France;01 59 30 29 43;36villabe@lesopticiensconseils.fr
https://www.opticienconseil.fr/a/magasins/boutiques/les-opticiens-conseils-villebon-sur-yvette;Les Opticiens Conseils à Villebon sur Yvette;Centre Commercial Auchan, Villebon Sur Yvette, Île-de-France, France;01 59 30 15 82;69villebon@lesopticiensconseils.fr
https://www.opticienconseil.fr/a/magasins/boutiques/les-opticiens-conseils-villeneuve-dascq;Les Opticiens Conseils à Villeneuve d'Ascq;Centre Commercial V2, Villeneuve D'Ascq, Hauts-de-France, France;03 53 64 25 75;94villeneuvedascq@lesopticiensconseils.fr
https://www.opticienconseil.fr/a/magasins/boutiques/les-opticiens-conseils-viry-chatillon;Les Opticiens Conseils à Viry Chatillon;Centre Commercial Leclerc, Viry châtillon, Île-de-France, France;01 59 30 20 61;31virychatillon@lesopticiensconseils.fr
